1,"Alternative News Feeds (website RSS) ","http://11-59.com/resources/alternative-news-rss/"
2,"Above Top Secret","http://11-59.com/resources/alternative-news-rss/alternative-news-repor/"
3,"Alternative News Report","http://11-59.com/resources/alternative-news-rss/alternative-news-repor/"
4,"EXONews","http://11-59.com/resources/alternative-news-rss/exonews/"
5,"Project Avalon RSS","http://11-59.com/resources/alternative-news-rss/project-avalon-rss/"
6,"Project Camelot Productions","http://11-59.com/resources/alternative-news-rss/project-camelot-productions/"
7,"The Conspiracy Index","http://11-59.com/resources/alternative-news-rss/the-conspiracy-index/"
8,"Feature Documentaries","http://11-59.com/resources/feature-documentaries/"
9,"Monitoring Services","http://11-59.com/resources/monitoring-services/"
10,"Evolving Humanity","http://11-59.com/resources/mp3-audio/evolving-humanity/"
11,"Above Top Secret","No Website"
12,"Accuracy In Media","No Website"
13,"Activist Post","No Website"
14,"Aferrismoon","No Website"
15,"After America","No Website"
16,"Alan Watt The Sentient Sentinel","No Website"
17,"Alex Constantine's Blacklist","No Website"
18,"America 20XY","No Website"
19,"American Free Press","No Website"
20,"Atlantic Free Press","No Website"
21,"Be Your Own Leader","No Website"
22,"Beyond the Grassy Knoll","No Website"
23,"Black Sheep Radio","No Website"
24,"Blacklisted News","No Website"
25,"Blowing Our Tax Dollars","No Website"
26,"Centurean2′s Weblog","No Website"
27,"codshit.com","No Website"
28,"Connecting the Dots in the New World Order","No Website"
29,"Conspiracy Culture","No Website"
30,"Conspiracy Reality TV","No Website"
31,"Corbett Report","No Website"
32,"Cryptogon","No Website"
33,"Cryptome","No Website"
34,"Cutting Through The Matrix","No Website"
35,"Daily Dose of Terror","No Website"
36,"Daily Paul – Ron Paul News","No Website"
37,"De-NWO Your Heart and Mind","No Website"
38,"Deadline Live","No Website"
39,"Deep Black Lies","No Website"
40,"Deep Politics Monitor","No Website"
41,"Dissecting The New Age","No Website"
42,"EURO-MED.DK","No Website"
43,"Exoteric Trauma","No Website"
44,"Fascist Empire Planet","No Website"
45,"Follow The Money","No Website"
46,"Food Freedom News","No Website"
47,"Free Market News","No Website"
48,"Free or Die","No Website"
49,"Free Press International","No Website"
50,"Heyoka Magazine","No Website"
51,"Hour of the Time","No Website"
52,"Idaho Observer","No Website"
53,"Illuminati Conspiracy Archive","No Website"
54,"Info Wars","No Website"
55,"Information Corner","No Website"
56,"Information Liberation","No Website"
57,"Insider","No Website"
58,"Intel Strike Report","No Website"
59,"Kenny's Sideshow","No Website"
60,"Knowthelies.com","No Website"
61,"Let's Roll Forums","No Website"
62,"lordtsukasa.comoj.com","No Website"
63,"Mapping the Real Deal","No Website"
64,"Media Monarchy","No Website"
65,"Moriah Conquering Wind","No Website"
66,"Mystic Politics Podcast","No Website"
67,"New World Order and the Police State","No Website"
68,"New World Order Survival","No Website"
69,"New World Order Truth","No Website"
70,"News Blok Aggregator","No Website"
71,"NWO Observer","No Website"
72,"Old Thinker News","No Website"
73,"One World Scam","No Website"
74,"Orwelliania","No Website"
75,"Outlaw Forum","No Website"
76,"Pacific Free Press","No Website"
77,"Parallel Normal","No Website"
78,"Pig Lipstick","No Website"
79,"PJC Journal – I am not a number…","No Website"
80,"PR Watch","No Website"
81,"Prison Planet","No Website"
82,"Proud Political Junkie's Gazette","No Website"
83,"PsiOp Radio","No Website"
84,"PuppetGov","No Website"
85,"Raiders News Network","No Website"
86,"Raw Story","No Website"
87,"Red Ice Creations","No Website"
88,"Reddit.com – Conspiracy","No Website"
89,"Republic Broadcasting Network","No Website"
90,"Rikstelegrafen","No Website"
91,"RINF Alternative News","No Website"
92,"Road Warrior Radio","No Website"
93,"RogueGovernment.com","No Website"
94,"Rollye James Show","No Website"
95,"Secrecy News","No Website"
96,"Shadow Government Statistics","No Website"
97,"Sovereign Independent","No Website"
98,"Statism Watch","No Website"
99,"Stop Lying!","No Website"
100,"Strike The Root","No Website"
101,"The Cosmic Minds","No Website"
102,"The Globalist Agenda","No Website"
103,"Timenauts","No Website"
104,"Truth in 7 Minutes","No Website"
105,"Truth RSS","No Website"
106,"TruthMovement.com","No Website"
107,"TruthNews","No Website"
108,"Underground Nation","No Website"
109,"Venezuela News And Views","No Website"
110,"VoltaireNet News","No Website"
111,"War of Illusions","No Website"
112,"War on You","No Website"
113,"We The People Radio Network","No Website"
114,"Whatreallyhappened","No Website"
115,"WhoWhatWhy","No Website"
116,"Wideshut.co.uk","No Website"
117,"Wikileaks","No Website"
118,"Wise Up Journal","No Website"
119,"Center for Sun-Climate Research","No Website"
120,"Center for the Study of Carbon Dioxide and Global Change","No Website"
121,"Climate Audit","No Website"
122,"Climate Depot","No Website"
123,"Climate Realists","No Website"
124,"Climate Sanity","No Website"
125,"Climate Science: Roger Pielke Sr.","No Website"
126,"Climate Skeptic","No Website"
127,"Friends of Science","No Website"
128,"Global Warming Hoax Blog","No Website"
129,"GlobalClimateScam.com","No Website"
130,"Gore Lied","No Website"
131,"Green Agenda","No Website"
132,"Haunting the Library","No Website"
133,"Ice Age Now","No Website"
134,"ICECAP","No Website"
135,"Is There Global Cooling?","No Website"
136,"Is There Global Warming?","No Website"
137,"Minnesotans For Global Warming","No Website"
138,"New Zealand Climate Science Coalition","No Website"
139,"Real Climategate","No Website"
140,"Real Science","No Website"
141,"Roy Spencer Ph. D.","No Website"
142,"Skeptics Global Warming","No Website"
143,"Watts Up With That?","No Website"
144,"Where’s my Global Warming Dude?","No Website"
145,"World Climate Report","No Website"
146,"Acres U.S.A. monthly magazine","No Website"
147,"AltEnergyMag","No Website"
148,"Ask The Meatman","No Website"
149,"Back to Basic Living","No Website"
150,"Backwoods Home Magazine","No Website"
151,"Bill Kaysing: Living ""outside corporate imperatives""","No Website"
152,"Community Alliance with Family Farmers","No Website"
153,"Countryside Magazine","No Website"
154,"Eatwild.com","No Website"
155,"Food Freedom","No Website"
156,"Granny Miller","No Website"
157,"Homepower Magazine","No Website"
158,"Homestead.org","No Website"
159,"Homesteading Today","No Website"
160,"Living Off The Grid","No Website"
161,"Living Outside the Dialectic","No Website"
162,"Mother Earth News","No Website"
163,"Off Grid | Free Yourself","No Website"
164,"Offgridsurvival.com","No Website"
165,"Organic Consumers Association","No Website"
166,"Organic Gardening and Homesteading","No Website"
167,"Organic Trade Association","No Website"
168,"Polyface Farms","No Website"
169,"Prairie Roots Blog","No Website"
170,"Prepper.org","No Website"
171,"Pure Energy Systems","No Website"
172,"Rareseeds","No Website"
173,"Seed Savers Exchange","No Website"
174,"Small Farm Today","No Website"
175,"Small Farmer's Journal","No Website"
176,"Soil Association","No Website"
177,"Survival Blog","No Website"
178,"Survivalist Forum","No Website"
179,"The Old Farmer's Almanac","No Website"
180,"Tiny Farm Blog","No Website"
181,"WaterPoweredCar.com","No Website"
182,"Yesterday's Tractors","No Website"
183,"Age of Autism","No Website"
184,"Alliance for Natural Health","No Website"
185,"Bird Flu Pandemic","No Website"
186,"Campaign for Real Milk","No Website"
187,"Cure Tooth Decay","No Website"
188,"Doctor Yourself","No Website"
189,"Dr. Rima Network Natural Solutions","No Website"
190,"Fight Back H1N1","No Website"
191,"Fluoride Education Project","No Website"
192,"Gary Null, Ph.D.","No Website"
193,"Gerson Institute","No Website"
194,"Health Freedom Alliance","No Website"
195,"iHealthTube","No Website"
196,"K.N.O.W. Vaccines","No Website"
197,"Lyme Disease Sentinel","No Website"
198,"Mercola.com – Take Control of Your Health","No Website"
199,"Morgellons Disease Information","No Website"
200,"Natural News","No Website"
201,"Natural Solutions Foundation","No Website"
202,"Thinktwice Global Vaccine Institute","No Website"
203,"Toxic Nation","No Website"
204,"Vaccination Information & Choice Network","No Website"
205,"Vaccine Awakening","No Website"
206,"Vaccine Info.net","No Website"
207,"Vaccine Injury Coalition","No Website"
208,"VacTRUTH","No Website"
209,"AGRA Watch","No Website"
210,"AirportBodyScan.org","No Website"
211,"Alaskan Independence Party","No Website"
212,"American Secession Project","No Website"
213,"Americans for Legal Immigration","No Website"
214,"AmeroCurrency.com","No Website"
215,"Andy Gause Monetary Historian","No Website"
216,"Antelope Valley Truckers Organization","No Website"
217,"Anti-Communitarian League","No Website"
218,"Australian Republican Movement","No Website"
219,"BanRedCams.com","No Website"
220,"Be Your Own Leader","No Website"
221,"Beat The Chip","No Website"
222,"Big Brother Watch","No Website"
223,"BioWatch","No Website"
224,"Bishop Accountability","No Website"
225,"Black Box Voting","No Website"
226,"BlackwaterWatch.com","No Website"
227,"BlackwaterWatch.net","No Website"
228,"Boycott Google","No Website"
229,"Boycott Made in China","No Website"
230,"California Alliance to Protect Private Property Rights","No Website"
231,"Campaign For Truth In Europe","No Website"
232,"Canadian Action Party","No Website"
233,"Case about Bird Flu: Criminal charges filed in Austria","No Website"
234,"Catholic Cover-up","No Website"
235,"Center for Food Safety","No Website"
236,"Circle of Friends for American Veterans","No Website"
237,"Citizens Against Communist Chinese Propaganda","No Website"
238,"Citizens for Legitimate Government","No Website"
239,"Columbia's Sacrifice","No Website"
240,"Corridor Watch","No Website"
241,"Disappearing Britain","No Website"
242,"Don’t Chemtrail Me Bro","No Website"
243,"Dr David Kelly – Investigation Group","No Website"
244,"Dr. David Kelly Inquest Fund","No Website"
245,"Electronic Frontier Foundation","No Website"
246,"Electronic Lebanon","No Website"
247,"Electronic Privacy Information Center","No Website"
248,"EU Truth","No Website"
249,"EURO-MED.DK","No Website"
250,"Euro-Sceptic.org","No Website"
251,"Expose Scientology .com","No Website"
252,"Farm and Ranch Freedom Alliance","No Website"
253,"Farm Wars","No Website"
254,"Farm-to-Consumer Legal Defense Fund","No Website"
255,"Farmageddon","No Website"
256,"Federation for American Immigration Reform","No Website"
257,"Fight Back H1N1","No Website"
258,"Fight Oil Prices","No Website"
259,"Fluoride Action Network","No Website"
260,"Food Consumer","No Website"
261,"Food Freedom","No Website"
262,"Frank Olson Legacy Project","No Website"
263,"Free Alberta","No Website"
264,"Free Inner Mongolia","No Website"
265,"Free Nations – Europe","No Website"
266,"Freedom Advocates","No Website"
267,"Freedom, Joy, and Adventure","No Website"
268,"Generation Rescue","No Website"
269,"Genetic Engineering Network","No Website"
270,"Gerry and Kate McCann: Abuse of Power","No Website"
271,"GM Watch","No Website"
272,"Google Watch","No Website"
273,"Gun Laws","No Website"
274,"Halliburton Watch","No Website"
275,"Hawaii Independent & Sovereign","No Website"
276,"Independent Long Island","No Website"
277,"Inner Mongolian People's Party","No Website"
278,"Institute for Responsible Technology","No Website"
279,"Iraq and Afghanistan Veterans of America","No Website"
280,"Iraq Coalition Casualty Count","No Website"
281,"Iraq Veterans Against the War","No Website"
282,"IraqDossier.com","No Website"
283,"Keep And Bear Arms","No Website"
284,"La Russophobe: The Rise and Fall the Neo-Soviet Union","No Website"
285,"Middlebury Institute for the Study of Secession","No Website"
286,"Military Corruption","No Website"
287,"Morgellons Disease Information","No Website"
288,"National Health Federation","No Website"
289,"NAU Resistance.org","No Website"
290,"Nazi Nexus","No Website"
291,"New England Confederation Alliance","No Website"
292,"New Hampshire Liberty Alliance","No Website"
293,"NO CCTV","No Website"
294,"No Codex Genocide","No Website"
295,"No More Tasers","No Website"
296,"No Private Armies","No Website"
297,"North Carolina Republic","No Website"
298,"Northwest Airlines Racial Profiling Vicious Attack Cover Up","No Website"
299,"NYPD Officer Adrian Schoolcraft Justice","No Website"
300,"Ohio Republic!","No Website"
301,"Opus Dei Awareness Network","No Website"
302,"Overpopulationisamyth.com","No Website"
303,"Poker Face – the band","No Website"
304,"Political Prisoners in Thailand","No Website"
305,"Predictive Programming in Movies","No Website"
306,"Privacy Coalition","No Website"
307,"Privacy International","No Website"
308,"Privacy Lives.com","No Website"
309,"Project for a New American Citizen","No Website"
310,"Reporters Without Borders","No Website"
311,"Republic of New Hampshire","No Website"
312,"SafeMinds","No Website"
313,"Save The Internet Coalition","No Website"
314,"Say No To GMOs!","No Website"
315,"Scottish National Party","No Website"
316,"ScrapTheScanners","No Website"
317,"Secession and Nullification News","No Website"
318,"Secession Issues Worldwide","No Website"
319,"Second Vermont Republic","No Website"
320,"Seeds of Deception","No Website"
321,"Sovereignty International","No Website"
322,"SpyChips","No Website"
323,"Stop Blackwater!","No Website"
324,"Stop Common Purpose","No Website"
325,"Stop Digital Strip Searches","No Website"
326,"Stop Lese Majeste Law","No Website"
327,"Stop Real ID Coalition","No Website"
328,"Stop SPP (U.S.)","No Website"
329,"Stop the North American Union.com","No Website"
330,"Stop the North American Union.org","No Website"
331,"Sunshine Project","No Website"
332,"Survivors Network of those Abused by Priests","No Website"
333,"TaxPayer's Alliance","No Website"
334,"Tenth Amendment Center","No Website"
335,"Texas Nationalist Movement","No Website"
336,"Texas Secede","No Website"
337,"Texas Secession","No Website"
338,"Texas Toll Party","No Website"
339,"The 4th Bomb: Tavistock Square","No Website"
340,"The Great Culling","No Website"
341,"The Great Global Warming Swindle","No Website"
342,"The State of Jefferson","No Website"
343,"The3Arguidos Forum","No Website"
344,"ThousandsStandingAround.org (on TSA abuses)","No Website"
345,"United Nations Free Zones","No Website"
346,"Venezuela’s Constitutional Reform","No Website"
347,"Vermont Commons | Voices of Independence","No Website"
348,"Veterans Today","No Website"
349,"We The People Will Not Be Chipped!","No Website"
350,"We Won't Fly","No Website"
351,"Western Independence Party of Saskatchewan","No Website"
352,"Weston A. Price Foundation for Wise Traditions in Food, Farming, and the Healing Arts","No Website"
353,"World Conference of Independent States Treaty Organization","No Website"
354,"You Dont Speak for Me","No Website"
355,"Daily Mail","No Website"
356,"DailyTech","No Website"
357,"Defense Tech","No Website"
358,"EU Observer","No Website"
359,"Foreign Policy","No Website"
360,"Guardian","No Website"
361,"Independent","No Website"
362,"Newsday AP","No Website"
363,"Register","No Website"
364,"Reuters","No Website"
365,"SpaceWar","No Website"
366,"Telegraph","No Website"
367,"UPI Newswire","No Website"
368,"USA Today","No Website"
369,"Wired News","No Website"
370,"Yahoo! News","No Website"
371,"BNET Article Search","No Website"
372,"CorpWatch","No Website"
373,"Daylife News","No Website"
374,"Google News","No Website"
375,"Govtrack.US","No Website"
376,"Internet Archive","No Website"
377,"Memory Hole","No Website"
378,"Modern History Project","No Website"
379,"Name Base Proximity Search","No Website"
380,"National Security Archive","No Website"
381,"NNDB Intelligence Aggregator","No Website"
382,"OpenSecrets.org","No Website"
383,"Political Graveyard","No Website"
384,"Project Vote Smart","No Website"
385,"SourceWatch","No Website"
386,"Spartacus Educational","No Website"
387,"They Rule","No Website"
388,"US National Archives","No Website"
389,"Wikileaks","No Website"
390,"Wikimedia Commons","No Website"
391,"WIKIO","No Website"
392,"Wikipedia","No Website"
393,"Wikiquote","No Website"
394,"Yahoo News","No Website"
395,"1984 USA","http://1984usa.com/"
396,"Aftermath News","http://aftermathnews.wordpress.com/"
397,"Agora News","http://www.theagoranational.ca/"
398,"Anti-Illuminati","http://www.aidd.org/"
399,"Apocalypse Tarot","http://www.sinj.com/"
400,"Barry Chamish","http://www.thebarrychamishwebsite.com/"
401,"Big Screen Deception","http://www.thebarrychamishwebsite.com/"
402,"Burning Babylon","http://burningbabylon.wordpress.com/"
403,"Buttafly's Opinion","http://buttaflyytulsa.wordpress.com/"
404,"Celebs 4 Truth","http://www.celebs4truth.com/"
405,"Cisco Wheeler","http://www.ciscowheeler.com/"
406,"Conspiracy Cards","http://www.conspiracycards.com/"
407,"Cult of the Dead Fish","http://cultofthedeadfish.blogspot.com/"
408,"Dejan Lucic","http://www.dejanlucic.net/"
409,"Evil Industry","http://www.evilindustry.com/"
410,"Farhankhan","http://www.farhankhan.com/"
411,"Fed Up Usa","http://fedupusa.wordpress.com/"
412,"Founding Father 1776","http://foundingfather1776.wordpress.com/"
413,"Global Truth","http://www.globaltruth.net/"
414,"Illuminati Archives","http://www.illuminatiarchives.org/"
415,"Illuminati Controled Servants","http://illuminaticontroledservants.blogspot.com/"
416,"Illuminati Rex","http://www.illuminatirex.com/"
417,"Illuminati Watch","http://theilluminatiwatch.com/"
418,"Illuminati Watch","http://theilluminatiwatch.com/"
419,"In the Know 7","http://intheknow7.wordpress.com/"
420,"Industry Exposed","http://theindustryexposed.com/"
421,"Infowars","http://www.infowars.com/"
422,"Itz all a Hustle","http://itzallahustle.ning.com/"
423,"Just Another Inside Job","http://just-another-inside-job.blogspot.com/"
424,"Justify Theory","http://justifytheory.blogspot.com/"
425,"Killuminatiist","http://www.killuminatiist.wordpress.com/"
426,"Leo Zagami","http://www.leozagami.com/"
427,"Lucy's Fur","http://lucysfur.wordpress.com/"
428,"Minds Wide Open","http://donny-mindswideopen.blogspot.com/"
429,"Never NWO","http://nevernwo.blogspot.com/"
430,"Nosce","http://nosce.wordpress.com/"
431,"Nouvel Ordre Mondial","http://www.nouvelordremondial.cc/"
432,"NWO Intel Report","http://nwointelreport.blogspot.com/"
433,"Poke the Eye","http://www.poketheeye.org/"
434,"Pop Culture Pastor","http://www.popculturepastor.com/"
435,"Pseudo Occult Media","http://pseudoccultmedia.blogspot.com/"
436,"Pseudo Reality","http://www.pseudoreality.org/"
437,"Red Ice Creations","http://www.redicecreations.com/"
438,"Rense","http://www.rense.com/"
439,"Reptilian Demons","http://reptiliandemons.blogspot.com/"
440,"Rigorous Intuition","http://rigorousintuition.ca/"
441,"Save the Males","http://www.savethemales.ca/"
442,"Snippits and Slappits","http://snippits-and-slappits.blogspot.com/"
443,"Society is Sinister","http://societyissinister.tumblr.com/"
444,"The Brave New World Order","http://thebravenewworldorder.blogspot.com/"
445,"The Freeman Perspective","http://thefreemanperspective.blogspot.com/"
446,"Truth Control","http://www.truthcontrol.com/"
447,"Truth Rss","http://truthrss.com/"
448,"Vigilant Citizen","http://vigilantcitizen.com/"
449,"Wake From Your Slumber","http://wakeupfromyourslumber.blogspot.com/"
450,"What is the Pyramid","http://whatisthepyramid.com/"
451,"Wide Shut","http://wideshut.co.uk/"
452,"Wrothchild","http://wrothchild.blogspot.com/"
453,"Your Eyes Wide Shut","http://wrothchild.blogspot.com/"
454,"Zapatopi","http://zapatopi.net/"
455,"11-59.COM SITE TOPICS","No Website"
456,"9/11 Webring Home 9/11 Webring","No Website"
457,"ABOVE TOP SECRET.COM Top Discussion Forums","No Website"
458,"aftermathnews.wordpress.com SITE TOPICs HUGE","No Website"
459,"Change Agents / HOME- ","No Website"
460,"COMMONCRIME.NET SITE TOPICS","No Website"
461,"Consciousness Beyond Chemtrails.com SITE (SPEAKERS)","No Website"
462,"conspiracyrealitytv.com SITE TOPICs","No Website"
463,"illuminatiarchives.org SITE TOPICs","No Website"
464,"MindscapeMagazine.com SITE TOPICs","No Website"
465,"PROJECT CAMELOT CHANNELS I THINK AND TOPICs?","No Website"
466,"unexplained-mysteries.com SITE (TOPICS)","No Website"
467,"Aftermath News Aftermath News has been created to expose the true workings of governments, political parties, organized crime, corporations, media, religions and other apparatuses of control. The reader is encouraged to outgrow the false Hegelian Left/Right paradigm, th","http://aftermathnews.wordpress.com/"
468,"Armageddon Online","http://www.armageddononline.org/"
469,"Beyond the Dial","http://beyondthedial.blogspot.com/"
470,"Black Listed News Independent Media for Independent Minds","http://www.blacklistednews.com/"
471,"Conscious Ape Conscious Ape is the new Social Networking and Alternative Media Website for Conscious Apes worldwide. If you’re into CONSPIRACIES, the PARANORMAL, new and ALTERNATIVE WAYS OF THINKING, Conscious Ape is the place to be! ","http://consciousape.com/"
472,"Conspiracy Bits Remember a bit a day keeps the black helicopters away","http://conspiracybits.com/"
473,"Conspiracy Cards An Awakening center utilizing WMA Conspiracy Cards (Weapons of Mass Awakening) of crucial information from A to Z that may just save your life.","http://www.conspiracycards.com/"
474,"Conspiracy Pixels Free Conspiracy Website Link Mosaic","http://www.conspiracypixels.com/"
475,"Corbett Report The Corbett Report provides a weekly podcast as well as interviews, articles and videos about current events and suppressed history from an independent perspective. To begin using the site, click on one of the stories in the gallery below or use the tabs ","http://www.corbettreport.com/"
476,"Cryptogon.com","http://cryptogon.com/"
477,"Documentaries Documentaries","http://www.humanrestore.com/"
478,"Dprogram.net Countering propaganda","http://dprogram.net/"
479,"Food World Order","http://foodworldorder.blogspot.com/"
480,"Freemason Books Freemason Books New releases and featured titles","http://www.freemasonbooks.com/"
481,"GlobalResearch.ca Center for Research on Globalization","http://globalresearch.ca/"
482,"Illuminati Archives Occult Media Athenaeum","http://www.illuminatiarchives.org/"
483,"Illuminati Conspiracy Archive The Illuminati has become synonymous with the one world conspiracy. Conspiracy Archive will keep tabs on the New World Order.","http://www.conspiracyarchive.com/"
484,"Infowars","http://www.infowars.com/"
485,"Lets Roll 911 This is the new LetsRoll911 site","http://philjayhan.wordpress.com/"
486,"Mayan Majix Learn about the Mayan Calendar and the Evolution of Consciousness as presented by Ian Xel Lungold. Mayan Calendars, DVD’s, Mayan Astrology Reports and Articles updated daily to expand your consciousness!","http://www.mayanmajix.com/"
487,"Media Monarchy","http://mediamonarchy.blogspot.com/"
488,"MONTALK.net Transcending the Matrix Control System. Attaining spiritual freedom through knowledge, wisdom, and awareness.","http://www.montalk.net/"
489,"nevernwo New World Order News Digest","http://nevernwo.blogspot.com/"
490,"New World Oder","http://new-world-oder.blogspot.com/"
491,"Nibiru Planet X","http://nibiruplanetx.blogspot.com/"
492,"NYUFO NYUFO is a non profit website created with an honest attempt to present articles & fresh links on the subjects of Unidentified Flying Objects/Conspiracy Theories & Underground Computer Technology","http://www.nyufo.com/"
493,"Paranormal and UFO Directory UFOseek.com is the largest paranormal and UFO directory.","http://www.nyufo.com/"
494,"ParaSpiracy.com Where the Paranormal meets Conspiracy","http://paraspiracy.com/"
495,"Reality-Choice Draw a parallel between two visions of the world, two realities through the news. Reflection and exchange of views on human reality and our relationship to the world.","http://www.reality-choice.org/"
496,"Search For Truth News, alternative views and conspiracy theory","http://searchfortruth.homestead.com/"
497,"The Atlantean Conspiracy Exposing the Illuminati from Atlantis to 2012","http://www.atlanteanconspiracy.com/"
498,"The Tower of Babel “Apathy Kills!” Fighting the 9/11 initiated New World Order through Awareness and Global Non-compliance”.","http://www.ggordontowerofbabel.co.cc/"
499,"TheRevolution.US The intent of this site is to be a space for people that are dissatisfied with the status quo we live in to learn and to discuss what steps might be taken to make things a bit more tolerable.","http://www.therevolution.us/"
500,"Third Eye Concept CURRENT EVENTS, ANCIENT MYSTERIES, THE UNEXPLAINED, CONSPIRACY THEORIES, MOVIE LOUNGE & MORE. ","http://www.thirdeyeconcept.com/"
501,"Top Conspiracy Sites Exposing the best websites for “Conspiracies, Conspiracy Theory, Cover-ups, Collusion and Hidden Secrets”","http://www.top-site-list.com/"
502,"UFO Digest UFO Digest searches the Internet for proof of UFOs and the paranormal and publishes videos, in depth interviews and insightful articles on a variety of unexplainable phenomenon. We also have regular contributors: Dennis G. Balthaser, Cristoforo Barbato","http://www.ufodigest.com/"
503,"UFO Magazine News for the Fews","http://www.ufomag.com/"
504,"Vigilant Citizen Symbols rule the world, not words nor laws","http://vigilantcitizen.com/"
505,"Vorchester.com News of the unusual, unexplained, and under reported","http://vorchester.com/"
506,"What Really Happened","http://whatreallyhappened.com/"
507,"AK Press","http://akpress.org/"
508,"Anarkismo","http://www.anarkismo.net/"
509,"Black Agenda Report","http://www.blackagendareport.com/"
510,"Bureau of Public Secrets","http://www.bopsecrets.org/"
511,"Disinfo","http://www.disinfo.com/"
512,"Dissident Voice","http://dissidentvoice.org/"
513,"Earth First","http://www.earthfirst.org/"
514,"Food Not Bombs","http://www.foodnotbombs.net/"
515,"Global Research","http://globalresearch.ca/"
516,"Industrial Workers of the World","http://www.iww.org/"
517,"Information Clearing House","http://www.informationclearinghouse.info/"
518,"Infoshop","http://infoshop.org/index.php"
519,"International Solidarity Movement","http://palsolidarity.org/"
520,"Libcom","http://www.libcom.org/"
521,"PR Watch","http://www.prwatch.org/"
522,"Project Censored","http://www.projectcensored.org/"
523,"Quadrant4","http://quadrant4.org/"
524,"Rabble","http://rabble.ca/"
525,"Reflections On A Revolution","http://roarmag.org/"
526,"The Daily Bleed","http://www.eskimo.com/%7Erecall/bleed/calmast.htm"
527,"The Onion","http://www.theonion.com/"
528,"The Ruckus","http://www.ruckus.org/"
529,"Truth Action","http://www.truthaction.org/"
530,"Veterans for Peace","http://www.truthaction.org/"
531,"WhoWhatWhy","http://whowhatwhy.com/"
532,"Zcom","http://www.zcommunications.org/"
533,"Illuminati News","No Website"
534,"ConspiracyResearch.org","No Website"
535,"Common Sense Conspiracy","No Website"
536,"G-Zero","No Website"
537,"Informant News","No Website"
538,"ThirdEyeConcept.Com","No Website"
539,"American Underground","No Website"
540,"Saints Against Tyranny","No Website"
541,"The TorrentChannel","No Website"
542,"Pagerank","No Website"
543,"Eternal Wars","No Website"
544,"Magical.Mystery.Tours","No Website"
545,"Elephant In The Parlor: Where only Truth's are Di...","No Website"
546,"www.H2onE2.com","No Website"
547,"Chemtrail Central","No Website"
548,"Cyberspace Ministry - Bible Prophecy","No Website"
549,"The Antichrist and The Da Vinci Code?","No Website"
550,"TheConspiracyZone","No Website"
551,"UFO.Whipnet.org","No Website"
552,"Conspiracy Theory Research List","No Website"
553,"News- Exopolitics UFO Et Aliens","http://11-59.com/resources/news-feeds/news-exopolitics-ufo-et-aliens/"
554,"News- HAARP, weather control","http://11-59.com/resources/news-feeds/news-haarp-weather-control/"
555,"News- Illuminati, secret societies","http://11-59.com/resources/news-feeds/news-illuminati-secret-societies/"
556,"News- Military Industrial Complex","http://11-59.com/resources/news-feeds/news-military-industrial-complex/"
557,"News- New World Order","http://11-59.com/resources/news-feeds/news-new-world-order/"
558,"News- Secret Military Projects","http://11-59.com/resources/news-feeds/news-secret-military-projects/"
559,"News- Secret Science technology","http://11-59.com/resources/news-feeds/news-secret-science-technology/"
560,"News- Stargates, Portals, Time travel","http://11-59.com/resources/news-feeds/news-secret-science-technology/"
561,"News- Underground bases","http://11-59.com/resources/news-feeds/news-underground-bases/"
562,"News- WhistleBlowers, Witnesses","http://11-59.com/resources/news-feeds/news-whistleblowers-witnesses/"
563,"Above Top Secret","http://11-59.com/resources/alternative-news-rss/above-top-secret/"
564,"Alternative News Report","http://11-59.com/resources/alternative-news-rss/alternative-news-repor/"
565,"EXONews","http://11-59.com/resources/alternative-news-rss/exonews/"
566,"Project Avalon RSS","http://11-59.com/resources/alternative-news-rss/project-avalon-rss/"
567,"Project Camelot Productions","http://11-59.com/resources/alternative-news-rss/project-camelot-productions/"
568,"The Conspiracy Index","http://11-59.com/resources/alternative-news-rss/the-conspiracy-index/"
569,"Monitoring Services","http://11-59.com/resources/monitoring-services/"
570,"Evolving Humanity","http://11-59.com/resources/mp3-audio/evolving-humanity/"
571,"Jesse Ventura","http://11-59.com/videos/channels-youtube/jesse-ventura/"
572,"Project Avalon (Bill Ryan)","http://11-59.com/videos/channels-youtube/project-avalon-bill-ryan/"
573,"Project Camelot (Kerry Cassidy)","http://11-59.com/videos/channels-youtube/project-camelot/"
574,"The Alex Jones Channel","http://11-59.com/videos/channels-youtube/the-alex-jones-channel/"
575,"The Vinny Eastwood Show","http://11-59.com/videos/channels-youtube/the-vinny-eastwood-show/"
576,"Above Top Secret","No Website"
577,"Accuracy In Media","No Website"
578,"Activist Post","No Website"
579,"Aferrismoon","No Website"
580,"After America","No Website"
581,"Alan Watt The Sentient Sentinel","No Website"
582,"Alex Constantine's Blacklist","No Website"
583,"America 20XY","No Website"
584,"American Free Press","No Website"
585,"Atlantic Free Press","No Website"
586,"Be Your Own Leader","No Website"
587,"Beyond the Grassy Knoll","No Website"
588,"Black Sheep Radio","No Website"
589,"Blacklisted News","No Website"
590,"Blowing Our Tax Dollars","No Website"
591,"Centurean2′s Weblog","No Website"
592,"codshit.com","No Website"
593,"Connecting the Dots in the New World Order","No Website"
594,"Conspiracy Culture","No Website"
595,"Conspiracy Reality TV","No Website"
596,"Corbett Report","No Website"
597,"Cryptogon","No Website"
598,"Cryptome","No Website"
599,"Cutting Through The Matrix","No Website"
600,"Daily Dose of Terror","No Website"
601,"Daily Paul – Ron Paul News","No Website"
602,"De-NWO Your Heart and Mind","No Website"
603,"Deadline Live","No Website"
604,"Deep Black Lies","No Website"
605,"Deep Politics Monitor","No Website"
606,"Dissecting The New Age","No Website"
607,"EURO-MED.DK","No Website"
608,"Exoteric Trauma","No Website"
609,"Fascist Empire Planet","No Website"
610,"Follow The Money","No Website"
611,"Food Freedom News","No Website"
612,"Free Market News","No Website"
613,"Free or Die","No Website"
614,"Free Press International","No Website"
615,"Heyoka Magazine","No Website"
616,"Hour of the Time","No Website"
617,"Idaho Observer","No Website"
618,"Illuminati Conspiracy Archive","No Website"
619,"Info Wars","No Website"
620,"Information Corner","No Website"
621,"Information Liberation","No Website"
622,"Insider","No Website"
623,"Intel Strike Report","No Website"
624,"Kenny's Sideshow","No Website"
625,"Knowthelies.com","No Website"
626,"Let's Roll Forums","No Website"
627,"lordtsukasa.comoj.com","No Website"
628,"Mapping the Real Deal","No Website"
629,"Media Monarchy","No Website"
630,"Moriah Conquering Wind","No Website"
631,"Mystic Politics Podcast","No Website"
632,"New World Order and the Police State","No Website"
633,"New World Order Survival","No Website"
634,"New World Order Truth","No Website"
635,"News Blok Aggregator","No Website"
636,"NWO Observer","No Website"
637,"Old Thinker News","No Website"
638,"One World Scam","No Website"
639,"Orwelliania","No Website"
640,"Outlaw Forum","No Website"
641,"Pacific Free Press","No Website"
642,"Parallel Normal","No Website"
643,"Pig Lipstick","No Website"
644,"PJC Journal – I am not a number…","No Website"
645,"PR Watch","No Website"
646,"Prison Planet","No Website"
647,"Proud Political Junkie's Gazette","No Website"
648,"PsiOp Radio","No Website"
649,"PuppetGov","No Website"
650,"Raiders News Network","No Website"
651,"Raw Story","No Website"
652,"Red Ice Creations","No Website"
653,"Reddit.com – Conspiracy","No Website"
654,"Republic Broadcasting Network","No Website"
655,"Rikstelegrafen","No Website"
656,"RINF Alternative News","No Website"
657,"Road Warrior Radio","No Website"
658,"RogueGovernment.com","No Website"
659,"Rollye James Show","No Website"
660,"Secrecy News","No Website"
661,"Shadow Government Statistics","No Website"
662,"Sovereign Independent","No Website"
663,"Statism Watch","No Website"
664,"Stop Lying!","No Website"
665,"Strike The Root","No Website"
666,"The Cosmic Minds","No Website"
667,"The Globalist Agenda","No Website"
668,"Timenauts","No Website"
669,"Truth in 7 Minutes","No Website"
670,"Truth RSS","No Website"
671,"TruthMovement.com","No Website"
672,"TruthNews","No Website"
673,"Underground Nation","No Website"
674,"Venezuela News And Views","No Website"
675,"VoltaireNet News","No Website"
676,"War of Illusions","No Website"
677,"War on You","No Website"
678,"We The People Radio Network","No Website"
679,"Whatreallyhappened","No Website"
680,"WhoWhatWhy","No Website"
681,"Wideshut.co.uk","No Website"
682,"Wikileaks","No Website"
683,"Wise Up Journal","No Website"
684,"Center for Sun-Climate Research","No Website"
685,"Center for the Study of Carbon Dioxide and Global Change","No Website"
686,"Climate Audit","No Website"
687,"Climate Depot","No Website"
688,"Climate Realists","No Website"
689,"Climate Sanity","No Website"
690,"Climate Science: Roger Pielke Sr.","No Website"
691,"Climate Skeptic","No Website"
692,"Friends of Science","No Website"
693,"Global Warming Hoax Blog","No Website"
694,"GlobalClimateScam.com","No Website"
695,"Gore Lied","No Website"
696,"Green Agenda","No Website"
697,"Haunting the Library","No Website"
698,"Ice Age Now","No Website"
699,"ICECAP","No Website"
700,"Is There Global Cooling?","No Website"
701,"Is There Global Warming?","No Website"
702,"Minnesotans For Global Warming","No Website"
703,"New Zealand Climate Science Coalition","No Website"
704,"Real Climategate","No Website"
705,"Real Science","No Website"
706,"Roy Spencer Ph. D.","No Website"
707,"Skeptics Global Warming","No Website"
708,"Watts Up With That?","No Website"
709,"Where’s my Global Warming Dude?","No Website"
710,"World Climate Report","No Website"
711,"Acres U.S.A. monthly magazine","No Website"
712,"AltEnergyMag","No Website"
713,"Ask The Meatman","No Website"
714,"Back to Basic Living","No Website"
715,"Backwoods Home Magazine","No Website"
716,"Bill Kaysing: Living ""outside corporate imperatives""","No Website"
717,"Community Alliance with Family Farmers","No Website"
718,"Countryside Magazine","No Website"
719,"Eatwild.com","No Website"
720,"Food Freedom","No Website"
721,"Granny Miller","No Website"
722,"Homepower Magazine","No Website"
723,"Homestead.org","No Website"
724,"Homesteading Today","No Website"
725,"Living Off The Grid","No Website"
726,"Living Outside the Dialectic","No Website"
727,"Mother Earth News","No Website"
728,"Off Grid | Free Yourself","No Website"
729,"Offgridsurvival.com","No Website"
730,"Organic Consumers Association","No Website"
731,"Organic Gardening and Homesteading","No Website"
732,"Organic Trade Association","No Website"
733,"Polyface Farms","No Website"
734,"Prairie Roots Blog","No Website"
735,"Prepper.org","No Website"
736,"Pure Energy Systems","No Website"
737,"Rareseeds","No Website"
738,"Seed Savers Exchange","No Website"
739,"Small Farm Today","No Website"
740,"Small Farmer's Journal","No Website"
741,"Soil Association","No Website"
742,"Survival Blog","No Website"
743,"Survivalist Forum","No Website"
744,"The Old Farmer's Almanac","No Website"
745,"Tiny Farm Blog","No Website"
746,"WaterPoweredCar.com","No Website"
747,"Yesterday's Tractors","No Website"
748,"Age of Autism","No Website"
749,"Alliance for Natural Health","No Website"
750,"Bird Flu Pandemic","No Website"
751,"Campaign for Real Milk","No Website"
752,"Cure Tooth Decay","No Website"
753,"Doctor Yourself","No Website"
754,"Dr. Rima Network Natural Solutions","No Website"
755,"Fight Back H1N1","No Website"
756,"Fluoride Education Project","No Website"
757,"Gary Null, Ph.D.","No Website"
758,"Gerson Institute","No Website"
759,"Health Freedom Alliance","No Website"
760,"iHealthTube","No Website"
761,"K.N.O.W. Vaccines","No Website"
762,"Lyme Disease Sentinel","No Website"
763,"Mercola.com – Take Control of Your Health","No Website"
764,"Morgellons Disease Information","No Website"
765,"Natural News","No Website"
766,"Natural Solutions Foundation","No Website"
767,"Thinktwice Global Vaccine Institute","No Website"
768,"Toxic Nation","No Website"
769,"Vaccination Information & Choice Network","No Website"
770,"Vaccine Awakening","No Website"
771,"Vaccine Info.net","No Website"
772,"Vaccine Injury Coalition","No Website"
773,"VacTRUTH","No Website"
774,"Daily Mail","No Website"
775,"DailyTech","No Website"
776,"Defense Tech","No Website"
777,"EU Observer","No Website"
778,"Foreign Policy","No Website"
779,"Guardian","No Website"
780,"Independent","No Website"
781,"Newsday AP","No Website"
782,"Register","No Website"
783,"Reuters","No Website"
784,"SpaceWar","No Website"
785,"Telegraph","No Website"
786,"UPI Newswire","No Website"
787,"USA Today","No Website"
788,"Wired News","No Website"
789,"Yahoo! News","No Website"
790,"BNET Article Search","No Website"
791,"CorpWatch","No Website"
792,"Daylife News","No Website"
793,"Google News","No Website"
794,"Govtrack.US","No Website"
795,"Internet Archive","No Website"
796,"Memory Hole","No Website"
797,"Modern History Project","No Website"
798,"Name Base Proximity Search","No Website"
799,"National Security Archive","No Website"
800,"NNDB Intelligence Aggregator","No Website"
801,"OpenSecrets.org","No Website"
802,"Political Graveyard","No Website"
803,"Project Vote Smart","No Website"
804,"SourceWatch","No Website"
805,"Spartacus Educational","No Website"
806,"They Rule","No Website"
807,"US National Archives","No Website"
808,"Wikileaks","No Website"
809,"Wikimedia Commons","No Website"
810,"WIKIO","No Website"
811,"Wikipedia","No Website"
812,"Wikiquote","No Website"
813,"Yahoo News","No Website"
814,"bigeye.com/altnews.htm","No Website"
815,"Whatreallyhappened","No Website"
816,"InfoClearingHouse","No Website"
817,"Jeff Rense","No Website"
818,"Antiwar.com","No Website"
819,"Raw Story","No Website"
820,"Smirking Chimp","No Website"
821,"Guerilla News Net","No Website"
822,"Info Wars","No Website"
823,"Consortium News ","No Website"
824,"Dissident Voice","No Website"
825,"Al Martin Raw","No Website"
826,"Assassinated Press","No Website"
827,"Big Eye-Alternative News","No Website"
828,"Common Dreams","No Website"
829,"Conspiracy Planet","No Website"
830,"Conspiracy Nation","No Website"
831,"ConspiracyPenPal.com","No Website"
832,"Counterpunch","No Website"
833,"Global Free Press","No Website"
834,"Judicial Watch","No Website"
835,"MadCowMorningNews","No Website"
836,"Mae Brussel","No Website"
837,"MoveOn.org","No Website"
838,"No More Fake News","No Website"
839,"Prison Planet","No Website"
840,"Propoganda Matrix","No Website"
841,"Peter Dale Scott","No Website"
842,"Rumor Mill News Agency","No Website"
843,"Ruminate This News","No Website"
844,"Salon.com News","No Website"
845,"Sander Hicks","No Website"
846,"Serendipity","No Website"
847,"Sierra Times","No Website"
848,"Stop The Lie","No Website"
849,"The Konformist","No Website"
850,"The New Enlightenment","No Website"
851,"The Smoking Gun","No Website"
852,"Support The Truth","No Website"
853,"TVNewsLies.Org","No Website"
854,"The Impious Digest","No Website"
855,"Unknown News","No Website"
856,"Vialls Investigations","No Website"
857,"Vox News","No Website"
858,"VoxPop","No Website"
859,"What Is Going On???","No Website"
860,"YellowTimes.org ","No Website"
861,"The Mysterious & Unexplained","No Website"
862,"Active Mind Apps: Kids' Quotas • McGuffey Readers","No Website"
863,"Driverless World","No Website"
864,"Learning Beyond The Book","No Website"
865,"Print-A-Quote","No Website"
866,"Active Mind Studios | First They Came For & First They | 15,000 Useful Phrases","No Website"
867,"Active Mind Thoughts","No Website"
868,"Bradley Keyes Consulting","No Website"
869,"Commonsenseconspiracy.com","No Website"
870,"Above Top Secret","http://wayback.archive-it.org/2903/20111024191954/http://www.abovetopsecret.com/"
871,"Adventures of the Common Man","http://wayback.archive-it.org/2903/20111024191954/http://www.adventuresofthecommonman.com/"
872,"Common Sense Liberty","http://wayback.archive-it.org/2903/20111024191954/http://commonsenseliberty.wordpress.com/"
873,"Conspiracy Cafe","http://wayback.archive-it.org/2903/20111024191954/http://www.conspiracycafe.net/"
874,"Link2Me Online Directory","http://wayback.archive-it.org/2903/20111024191954/http://link2me.com/"
875,"Odd Conspiracy","http://wayback.archive-it.org/2903/20111024191954/http://oddconspiracy.blogspot.com/"
876,"Prison Planet","http://wayback.archive-it.org/2903/20111024191954/http://www.prisonplanet.com/"
877,"Rense","http://wayback.archive-it.org/2903/20111024191954/http://www.rense.com/"
878,"UFO's Uncovered","http://wayback.archive-it.org/2903/20111024191954/http://www.ufosuncovered.com/"
879,"UFO.Whipnet.org","http://wayback.archive-it.org/2903/20111024191954/http://ufo.whipnet.org/"
880,"conspiracy.co","No Website"
881,"dmoz.org","No Website"
882,"edmitchellapollo14.com/links","No Website"
883,"thomaspecora.com/mainpage.html","No Website"
884,"angelamanno.com/ConsciousEvolution/C01.html","No Website"
885,"astronautscholarship.org/index.html","No Website"
886,"alanbeangallery.com","No Website"
887,"apolloarchive.com","No Website"
888,"braeunig.us/space","No Website"
889,"BrokenArtGallery.com","No Website"
890,"collectspace.com","No Website"
891,"dreamhealer.com","No Website"
892,"ecomall.com/gopikrishna","No Website"
893,"moonpans.com","No Website"
894,"moonspacesuits.com","No Website"
895,"nasa.gov","No Website"
896,"nderf.org ","No Website"
897,"noetic.org","No Website"
898,"quantrek.org","No Website"
899,"sacredsites.com","No Website"
900,"somethingunknown.com/index.html","No Website"
901,"space-explorers.org","No Website"
902,"spacefacts.de","No Website"
903,"SpaceImages.com","No Website"
904,"AK Press","http://akpress.org/"
905,"Anarkismo","http://www.anarkismo.net/"
906,"Black Agenda Report","http://www.blackagendareport.com/"
907,"Bureau of Public Secrets","http://www.bopsecrets.org/"
908,"Disinfo","http://www.disinfo.com/"
909,"Dissident Voice","http://dissidentvoice.org/"
910,"Earth First","http://www.earthfirst.org/"
911,"Food Not Bombs","http://www.foodnotbombs.net/"
912,"Global Research","http://globalresearch.ca/"
913,"Industrial Workers of the World","http://www.iww.org/"
914,"Information Clearing House","http://www.informationclearinghouse.info/"
915,"Infoshop","http://infoshop.org/index.php"
916,"International Solidarity Movement","http://infoshop.org/index.php"
917,"Libcom","http://infoshop.org/index.php"
918,"PR Watch","http://infoshop.org/index.php"
919,"Project Censored","http://www.projectcensored.org/"
920,"Quadrant4","http://quadrant4.org/"
921,"Rabble","http://rabble.ca/"
922,"Reflections On A Revolution","http://roarmag.org/"
923,"The Daily Bleed","http://www.eskimo.com/%7Erecall/bleed/calmast.htm"
924,"The Onion","http://www.theonion.com/"
925,"The Ruckus Society","http://www.ruckus.org/"
926,"Truth Action","http://www.truthaction.org/"
927,"Veterans for Peace","http://www.veteransforpeace.org/"
928,"WhoWhatWhy","http://whowhatwhy.com/"
929,"Zcom","http://www.zcommunications.org/"
930,"Truth behind our debt crisis","No Website"
931,"HiddenTruthTV.com","No Website"
932,"Is Federal Income Tax Mandatory?","No Website"
933,"Spiritual Enlightenment","No Website"
934,"America's Brainwashing","No Website"
935,"Forbidden Knowledge","No Website"
936,"US Government Betrayal","No Website"
937,"Non-Extinction!","No Website"
938,"Bigfoot/Sasquatch ","No Website"
939,"Oak Island Money Pit","No Website"
940,"gang-stalking.net","No Website"
941,"theinsider.org/","No Website"
942,"Godlikeproductions Godlike Productions is a Conspiracy Forum. Discussion topics include UFOs, Conspiracy, Lunatic Fringe, Politics, Current Events, and Secret Societies. This is a huge forum full of information and a huge active user base.","http://godlikeproductions.com/"
943,"Rense.com The Jeff Rense program posts pretty controversial articles. I don’t agree with everything on the website but it does contain relevant information you won’t find anywhere else.","http://rense.com/"
944,"Moxnews This is a youtube channel dedicated to releasing and documenting all the news events of 2010. Videos are pulled from all major news networks. A kind of read between the lines news channel.","http://youtube.com/user/MOXNEWSd0tCOM"
945,"Abovetopsecret Above Top Secret could possibly be the largest conspiracy forum on the Internet. Full of rich content, a endless member base, and wonderful graphics, ATS is a must join.","http://abovetopsecret.com/"
946,"Armageddon Online Full of notes, news and links on destructive forces of the universe including volcanoes, tsunamis, plagues and nuclear weapons, Armageddon Online is a moderate sized conspiracy forum.","http://armageddononline.org/"
947,"Alienhub ALienhub is a a growing community of Alien, UFO, Paranormal investigators and bloggers. Stop in and say hello!","http://alienhub.com/"
948,"Freedoms Phoenix Freedoms Phoenix is a premier Freedom, Liberty, Peace and Love R3volution website. They allow users to submit posts/articles daily.","http://freedomsphoenix.com/"
949,"Enigma TV Enigma TV is one of the best conspiracy websites for documentaries. The best documentaries I have seen come from Enigma TV and Chris Everard. Older videos are available on-line. New releases require a subscription which I recommend if your looking for information you won’t find anywhere else.","http://enigmatv.com/"
950,"Educate-Yourself.org A website which discusses forbidden cures, the new world order, mind control, chem-trails and many other interesting topics. In depth articles full of rich content.  10. Conspiracy Archives Conspiracy Archive does one thing, it keeps tabs on the New World Order. Worth a look.",
951,"The Insider.org Up to date news and reports on serious current Conspiracy Theories, including the New World Order, Freemasons, extraterrestrials, religion, and secret societies.","http://theinsider.org/"
952,"Infowars The news web site of the infamous syndicated radio talk show host Alex Jones. A huge conspiracy and news site.  13. The Unhived Mind THE UNHIVED MIND is a fairly large forum Exposing the Pinacle leadership of the World Conspiracy known as the Jesuit Order and the Saturnalian Brotherhood. Good Look.",
953,"Conspiracycafe.net Conspiracy cafe is a forum which concentrates on issues including conspiracies, secret order, occult government, cove-ups, the paranormal, U.F.O‘s and much more. Average size forum.","http://conspiracycafe.net/forum/"
954,"Disclose TV Disclose TV is a video sharing website dedicated to mysteries, secrets, anomalies, conspiracies and other alternative or unexplained topics.","http://disclose.tv/"
955,"Torrent Channel The torrent channel is all about forbidden videos and documentaries. Great site.","http://torrentchannel.com/?x=Welcome%21/"
956,"conspiracy.top-site-list A site exposing the best websites for “Conspiracies, Conspiracy Theory, Cover-ups, Collusion and Hidden Secrets.”","http://conspiracy.top-site-list.com/"
957,"Remnant Radio A website page dedicated to William Cooper. Includes almost all of Coopers radio shows, interviews, and videos.","http://remnantradio.org/Archives/articles/William Cooper/WC.htm"
958,"Lasting Networks An insanely huge list of bit torrent conspiracy links. A must bookmark.","http://lastingnetworks.com/alex/index-bt.htm"
959,"Documentary Heaven DocumentaryHeaven is a site filled with hundreds of free online documentaries just waiting to be seen. You could spend a good amount of time on this site.","http://documentaryheaven.com/"
960,"crowdedskies.com","http://www.crowdedskies.com/"
961,"greyfalcon.us/July%2028.htm","http://greyfalcon.us/July 28.htm"
962,"http://disclosureproject.org/index.shtml  Disclosure Project is a non-profit site devoted to the full government disclosure on the UFO issue.  This site lists countries that have declassified information on UFOs with links to the information.  Also read eyewitness testimony of UFO sitings.  This site includes links to contact Congress and representatives to release UFO information.   ","http://disclosureproject.org/index.shtml"
963,"http://mufon.com/","http://mufon.com/"
964,"http://theblackvault.com ","http://theblackvault.com "
965,"http://theblackvault.com ","http://theblackvault.com "
966,"http://www.conspiracycollege.com/ufos/Capture%2520disclosure%2520project.png?attredirects=0","http://www.conspiracycollege.com/ufos/Capture%2520disclosure%2520project.png?attredirects=0"
967,"http://www.conspiracycollege.com/ufos/imagesCAK2W0O0.jpg?attredirects=0","http://www.conspiracycollege.com/ufos/imagesCAK2W0O0.jpg?attredirects=0"
968,"http://www.conspiracycollege.com/ufos/western-australia-kangaroo-beach.jpg?attredirects=0","http://www.conspiracycollege.com/ufos/western-australia-kangaroo-beach.jpg?attredirects=0"
969,"http://www.crystalinks.com/roswell.html   Crystal Links  Exellent chronological timeline of the history of the Roswell crach and all the events surrounding the crash.  Get the speciic details on the press releases announcing the recovery of a craft. The next day the military changed their story after confiscating every scrap from the crash site, crawling two men abreast on their hands and knees.  See a closeup of the letter in the famous weather balloon photo, stating that bodies were  ","http://www.crystalinks.com/roswell.html   Crystal Links  Exellent chronological timeline of the history of the Roswell crach and all the events surrounding the crash.  Get the speciic details on the press releases announcing the recovery of a craft. The next day the military changed their story after confiscating every scrap from the crash site, crawling two men abreast on their hands and knees.  See a closeup of the letter in the famous weather balloon photo, stating that bodies were  "
970,"http://www.theblackvault.com/","http://www.theblackvault.com/"
971,"http://www.ufoevidence.org/","http://www.ufoevidence.org/"
972,"http://www.ufoevidence.org/","http://www.ufoevidence.org/"
973,"http://www.uforq.asn.au/   ","http://www.uforq.asn.au/   "
974,"http://www.ufos-aliens.co.uk/Cosmic Conspiracies","http://www.ufos-aliens.co.uk/Cosmic Conspiracies"
975,"http://www.webcamufo.com/","http://www.webcamufo.com/"
976,"http://www.webcamufo.com/ ","http://www.webcamufo.com/ "
977,"hyper.net/ufo.htmlHyper.Net is a reference resource for UFO information. The site includes unique information about UFOs, Roswell, Rendlesham, crop circles and videos.   The shapes of the UFOs are catagorized.  This site is intended for the serious study of UFOs. ","hyper.net/ufo.htmlHyper.Net is a reference resource for UFO information. The site includes unique information about UFOs, Roswell, Rendlesham, crop circles and videos.   The shapes of the UFOs are catagorized.  This site is intended for the serious study of UFOs. "
978,"ttp://ufos.about.com/od/governmentconspiracyufos/a/edgarmitchell.htm -","ttp://ufos.about.com/od/governmentconspiracyufos/a/edgarmitchell.htm -"
979,"activistpost.com/","No Website"
980,"a-human-right.com","No Website"
981,"infowars.com","No Website"
982,"blacklistednews.com/","No Website"
983,"bordc.org","No Website"
984,"http://canadafreepress.com/","No Website"
985,"legitgov.org","No Website"
986,"coloradogold.com","No Website"
987,"davekopel.org/","No Website"
988,"http://dprogram.net","No Website"
989,"http://drudgereport.com/","No Website"
990,"FreedomsPhoenix.com","No Website"
991,"informationclearinghouse.info","No Website"
992,"http://jackblood.netfirms.com/home/headline.html","No Website"
993,"minutemanproject.com/","No Website"
994,"http://jonesreport.com/","No Website"
995,"leftlink.com/","No Website"
996,"lewrockwell.com","No Website"
997,"http://wjpbr.com/grouplist/","No Website"
998,"nolanchart.com/","No Website"
999,"http://pagenine.typepad.com","No Website"
1000,"http://peacebuttons.info","No Website"
